﻿<?xml version="1.0" encoding="utf-8" ?>
<sights>
    <sight id="1" name="Sydney Bridge Climb" url="http://bridgeclimb.com/" >
        Sydney Bridge Climb is...  Lorem ipsum dolor sit amet, consectetur adipiscing elit. Mauris velit lacus, iaculis 
        sagittis hendrerit sed, malesuada sit amet purus. Aliquam sed odio non libero dapibus imperdiet.         
    </sight>
    <sight id="2" name="Sydney Opera House" url="http://www.sydneyoperahouse.com/" >
        The Syndney Opera House is...  Vivamus accumsan velit tempor velit pretium feugiat. Donec eget nulla nisi. Duis 
        ultrices aliquet massa, id pellentesque arcu vulputate nec. Nam id nisl tincidunt nibh molestie volutpat vitae 
        sit amet metus.
    </sight>
    <sight id="3" name="Zig Zag Railway" url="http://www.zigzagrailway.com.au/" >
        The Zig Zag Railway is...  Nullam volutpat cursus tempor. Suspendisse a lorem quis lectus commodo facilisis sit 
        amet sit amet libero. Fusce ut varius enim. Donec vestibulum tortor eu lectus pharetra eget rhoncus dui fringilla.
    </sight>
    <sight id="4" name="Sydney Tower" url="http://www.sydneytowereye.com.au/" >
        Sydney Tower is...  Aliquam urna sem, egestas in auctor et, egestas ac nisl. Donec facilisis velit sit amet 
        magna facilisis ornare ut eu mi. Mauris ut dui tortor, eget sollicitudin ante. Suspendisse mi magna, imperdiet 
        eu consequat non, imperdiet ac felis.
    </sight>   
</sights> 
